title,company,location, link
Python Developer Intern,OXO Solutions,"Ruby, SC",https://www.indeed.com/viewjob?jk=84a541c104b5b24c
"MACHINE LEARNING ENGINEER - PYTHON, TENSORFLOW",InspiHER Tech,United States,https://www.indeed.com/viewjob?jk=a754b1fae51c41d2
Python & Infrastructure Developer,Phrasee,Remote,https://www.indeed.com/viewjob?jk=c24cd253a1ca330e
Entry Level - Associate Developer,IBM,United States,https://www.indeed.com/viewjob?jk=d7b66851cf0ded38
Entry Level - Associate Data Scientist,IBM,United States,https://www.indeed.com/viewjob?jk=ea78d3941ea548cc
PYTHON SOFTWARE ENGINEER-DEEP LEARNING,InspiHER Tech,United States,https://www.indeed.com/viewjob?jk=3dd6c509667887e7
Data Scientist Entry Level - Pathrise Recruiting Partners,Pathrise,Remote,https://www.indeed.com/viewjob?jk=57125117d2b4b0f6
Data Engineer - Python Programmer,Mondo,"Emeryville, CA",https://www.indeed.com/viewjob?jk=7f4feddb51713164
Python Developer,Stratus Video,Remote,https://www.indeed.com/viewjob?jk=e9162fa9c4a6bb7e
Business Intelligence Intern,Evil Geniuses,California,https://www.indeed.com/viewjob?jk=85e0505695b43f23
Python Developer,Highbrow Technologies,"Bellevue, WA",https://www.indeed.com/viewjob?jk=70912d7ae92ee088
ENTRY LEVEL INSTRUMENT DEVELOPMENT SCIENTIST,Idaho National Laboratory,United States,https://www.indeed.com/viewjob?jk=100c8fe2d280323a
Back-End Python Developer - GitPrime,Pluralsight,Colorado,https://www.indeed.com/viewjob?jk=a1abf6435924c5a1
Software Engineer - Python,"Dycom Industries, Inc.",Remote,https://www.indeed.com/viewjob?jk=d5d15273ac64aecc
Developer - Python Django,Energy Sense Finance,"Tampa, FL",https://www.indeed.com/viewjob?jk=213f60ab30d8eece
PYTHON DEVELOPER,Pythonwise,"Seattle, WA",https://www.indeed.com/viewjob?jk=1a20a1c56fb7df73
Java / Python Tutors,"SAM Consulting Services, Inc.","New York, NY",https://www.indeed.com/viewjob?jk=6dd414e5bf2653aa
Python Developer,Sara Technologies,United States,https://www.indeed.com/viewjob?jk=07cc59a85ae4d228
Python разработчик,WaveAccess,United States,https://www.indeed.com/viewjob?jk=d6df26980f5d9a81
Senior Python Developer,Frontierpay,Remote,https://www.indeed.com/viewjob?jk=249fd45368894066
Quantitative Trader - Entry Level,Avatar Securities,"Chicago, IL",https://www.indeed.com/viewjob?jk=d01efa8dad29efdc
Enterprise Document Librarian,Red Hat Software,Remote,https://www.indeed.com/viewjob?jk=68f5834d083183db
Software Engineering Internship,Apple,"Santa Clara Valley, CA",https://www.indeed.com/viewjob?jk=6f4667b07ff6b946
Consulting Professors,Saylor Academy,Remote,https://www.indeed.com/viewjob?jk=edb0eb6a7ba31772
Python Developer Trainee,Cndro,"Houston, TX",https://www.indeed.com/viewjob?jk=0cf2026f52be6bc9
Business Intelligence Intern (Fall 2020),Pittsburgh Penguins,"Pittsburgh, PA",https://www.indeed.com/viewjob?jk=d3f316ab23afed70
"Fraud Intelligence, Data Operations Analyst",White Ops,New York State,https://www.indeed.com/viewjob?jk=9b185f14c1a68aaa
Python Developer,Callsign Media,"Las Vegas, NV",https://www.indeed.com/viewjob?jk=345e22ca6e583be5
Penetration Testing Trainee (Remote USA),BreachLock,"Florida, NY",https://www.indeed.com/viewjob?jk=487b30db63184515
Python developer,Ace-stack LLC,"Houston, TX",https://www.indeed.com/viewjob?jk=0c34c27b60a5c923
"Data Engg Developers ( PYTHON, SQL)",Ace-stack LLC,California,https://www.indeed.com/viewjob?jk=3aa969679f3b47e6
Content Creator,LeetCode,Remote,https://www.indeed.com/viewjob?jk=e94af63cb41ad9b5
GIS Technician (Contract),Orbital Insight,United States,https://www.indeed.com/viewjob?jk=3e307741d1c78aec
Data Technician (Full- or Part-Time),Thasos Group,"New York, NY",https://www.indeed.com/viewjob?jk=da727c0cddda240e
Support,RStudio,United States,https://www.indeed.com/viewjob?jk=2c26339484d5141f
Entry Level Data Analyst,Hopjump,"Boston, MA",https://www.indeed.com/viewjob?jk=2532431132ffbda1
Junior Quant,Dexterity Capital,Remote,https://www.indeed.com/viewjob?jk=e1a750ccc83bd177
Senior Python SDET - Hammer Team,Nasuni,"Raleigh, NC",https://www.indeed.com/viewjob?jk=0cb37aa53572f534
Full Time Opportunities for Students or Recent Graduates: Data & Applied Sciences,Microsoft,"Redmond, WA",https://www.indeed.com/viewjob?jk=11baba484db23433
Survey Data Analyst,Change Research,"San Francisco, CA",https://www.indeed.com/viewjob?jk=cafc44e9f9a4ce47
Junior Software Engineer,FormSwift,"San Francisco, CA",https://www.indeed.com/viewjob?jk=1e12b18acfdc21fa
Python Engineer,Emsi,"Moscow, ID",https://www.indeed.com/viewjob?jk=363ecb6e97aacb1a
Jr Python Developer,Global Data Management Inc,"Woodbridge, NJ",https://www.indeed.com/viewjob?jk=24185ea11dee3248
Python Developer,CAPCO,"Orlando, FL",https://www.indeed.com/viewjob?jk=725eb78ddb51e7fb
"Junior Software Developer, Python NASA",ASRC Federal Holding Company,"Greenbelt, MD",https://www.indeed.com/viewjob?jk=874e9e1da8afd2bd
Junior Developer - Python,Akuna Capital,"Chicago, IL",https://www.indeed.com/viewjob?jk=0b2c553a665c7d64
Python Developer,Haneke Design,"Tampa, FL",https://www.indeed.com/viewjob?jk=542b21736b6bca61
Junior Python Developer,GTS,"New York, NY",https://www.indeed.com/viewjob?jk=f8f068da6dd93fa6
Python Developer,Indus Group,United States,https://www.indeed.com/viewjob?jk=67008ecde32d356f
Online Research Librarian,U.S. Environmental Protection Agency (EPA),"Research Triangle Park, NC",https://www.indeed.com/viewjob?jk=b703253670d2a319
